{"IcoMoonType":"selection","icons":[{"icon":{"paths":["M0 0h256v256h-256v-256z","M256 384h640v256h-640v-256z","M0 768h256v256h-256v-256z","M896 768h256v256h-256v-256z","M896 0h256v256h-256v-256z"],"attrs":[{},{},{},{},{}],"width":1152,"isMulticolor":false,"isMulticolor2":false,"grid":0,"tags":["view"]},"attrs":[{},{},{},{},{}],"properties":{"order":5,"id":0,"name":"view","prevSize":32,"code":59651},"setIdx":0,"setId":1,"iconIdx":0},{"icon":{"paths":["M708.923 0l-181.169 512 181.169 512-708.923-519.877 708.923-504.123z"],"attrs":[{}],"width":709,"isMulticolor":false,"isMulticolor2":false,"grid":0,"tags":["arr-left"]},"attrs":[{}],"properties":{"order":2,"id":2,"name":"arr-left","prevSize":32,"code":59648},"setIdx":1,"setId":0,"iconIdx":0},{"icon":{"paths":["M0 0l181.169 512-181.169 512 236.308-165.415 472.615-346.585-708.923-512z"],"attrs":[{}],"width":709,"isMulticolor":false,"isMulticolor2":false,"grid":0,"tags":["arr-right"]},"attrs":[{}],"properties":{"order":4,"id":1,"name":"arr-right","prevSize":32,"code":59649},"setIdx":1,"setId":0,"iconIdx":1},{"icon":{"paths":["M0 1024l739.556-261.689 739.556 261.689-739.556-1024-739.556 1024z"],"attrs":[{}],"width":1479,"isMulticolor":false,"isMulticolor2":false,"grid":0,"tags":["arr-top"]},"attrs":[{}],"properties":{"order":3,"id":0,"name":"arr-top","prevSize":32,"code":59650},"setIdx":1,"setId":0,"iconIdx":2}],"height":1024,"metadata":{"name":"icomoon"},"preferences":{"showGlyphs":true,"showCodes":true,"showQuickUse":true,"showQuickUse2":true,"showSVGs":true,"fontPref":{"prefix":"icon-","metadata":{"fontFamily":"icomoon"},"metrics":{"emSize":1024,"baseline":6.25,"whitespace":50},"embed":false},"imagePref":{"prefix":"icon-","png":true,"useClassSelector":true,"color":0,"bgColor":16777215},"historySize":50}}